Gene,Main
10 kDa chaperonin,Cellular processes and signaling
2-dehydro-3-deoxyphosphooctonate aldolase,Cellular processes and signaling
3-deoxy-D-manno-octulosonic acid transferase,Cellular processes and signaling
6-aminohexanoate-dimer hydrolase,Cellular processes and signaling
60 kDa chaperonin,Cellular processes and signaling
ABC transporter ATP-binding protein NatA,Cellular processes and signaling
ABC transporter ATP-binding protein YtrB,Cellular processes and signaling
ABC transporter ATP-binding protein YtrE,Cellular processes and signaling
ABC transporter ATP-binding/permease protein,Cellular processes and signaling
ABC transporter permease YtrF,Cellular processes and signaling
Acyl-[acyl-carrier-protein]--UDP-N-acetylglucosamine O-acyltransferase,Cellular processes and signaling
Aerobic respiration control sensor protein ArcB,Cellular processes and signaling
Alanine racemase,Cellular processes and signaling
Alkaline phosphatase synthesis transcriptional regulatory protein PhoP,Cellular processes and signaling
ATP-dependent Clp protease adapter protein ClpS,Cellular processes and signaling
ATP-dependent Clp protease ATP-binding subunit ClpA,Cellular processes and signaling
ATP-dependent Clp protease ATP-binding subunit ClpX,Cellular processes and signaling
ATP-dependent Clp protease proteolytic subunit,Cellular processes and signaling
ATP-dependent protease ATPase subunit HslU,Cellular processes and signaling
ATP-dependent protease subunit HslV,Cellular processes and signaling
ATP-dependent zinc metalloprotease FtsH,Cellular processes and signaling
Beta-barrel assembly-enhancing protease,Cellular processes and signaling
Bifunctional protein GlmU,Cellular processes and signaling
Bifunctional uridylyltransferase/uridylyl-removing enzyme,Cellular processes and signaling
Biopolymer transport protein ExbB,Cellular processes and signaling
Biopolymer transport protein ExbD,Cellular processes and signaling
cAMP-activated global transcriptional regulator CRP,Cellular processes and signaling
Capsule biosynthesis protein CapA,Cellular processes and signaling
Carbamoyltransferase HypF,Cellular processes and signaling
Carbon storage regulator,Cellular processes and signaling
Cell division ATP-binding protein FtsE,Cellular processes and signaling
Cell division protein FtsA,Cellular processes and signaling
Cell division protein FtsQ,Cellular processes and signaling
Cell division protein FtsZ,Cellular processes and signaling
Cell-division control histidine kinase PdhS,Cellular processes and signaling
Chaperone protein ClpB,Cellular processes and signaling
Chaperone protein ClpB 1,Cellular processes and signaling
Chaperone protein DnaJ,Cellular processes and signaling
Chaperone protein DnaK,Cellular processes and signaling
Chaperone protein HtpG,Cellular processes and signaling
Chaperone protein Skp,Cellular processes and signaling
Chaperone SurA,Cellular processes and signaling
Chemotaxis protein CheA,Cellular processes and signaling
Chemotaxis protein CheW,Cellular processes and signaling
Chromosome partition protein Smc,Cellular processes and signaling
Chromosome-partitioning ATPase Soj,Cellular processes and signaling
Co-chaperone protein DjlA,Cellular processes and signaling
Cobalt-zinc-cadmium resistance protein CzcA,Cellular processes and signaling
Competence protein ComM,Cellular processes and signaling
Curved DNA-binding protein,Cellular processes and signaling
Cyanophycin synthetase,Cellular processes and signaling
Cyclic di-GMP phosphodiesterase Gmr,Cellular processes and signaling
Cyclic di-GMP phosphodiesterase PdeB,Cellular processes and signaling
Cyclic di-GMP phosphodiesterase YfgF,Cellular processes and signaling
Cyclic nucleotide-gated potassium channel,Cellular processes and signaling
Cytochrome c biogenesis ATP-binding export protein CcmA,Cellular processes and signaling
Cytochrome c oxidase assembly protein CtaG,Cellular processes and signaling
Cytochrome c-type biogenesis protein CcmF,Cellular processes and signaling
D-alanine--D-alanine ligase,Cellular processes and signaling
D-alanine--D-alanine ligase B,Cellular processes and signaling
D-alanyl-D-alanine carboxypeptidase DacA,Cellular processes and signaling
D-alanyl-D-alanine carboxypeptidase DacC,Cellular processes and signaling
Daunorubicin/doxorubicin resistance ATP-binding protein DrrA,Cellular processes and signaling
DNA repair protein RadA,Cellular processes and signaling
DNA translocase FtsK,Cellular processes and signaling
Elongation factor G-like protein,Cellular processes and signaling
FeS cluster assembly protein SufB,Cellular processes and signaling
Fimbrial protein,Cellular processes and signaling
FK506-binding protein,Cellular processes and signaling
Formate-dependent nitrite reductase complex subunit NrfG,Cellular processes and signaling
GDP-mannose-dependent alpha-(1-6)-phosphatidylinositol monomannoside mannosyltransferase,Cellular processes and signaling
Gliding motility regulatory protein,Cellular processes and signaling
Globin-coupled histidine kinase,Cellular processes and signaling
Glutamate racemase 1,Cellular processes and signaling
Glutamine--fructose-6-phosphate aminotransferase [isomerizing],Cellular processes and signaling
Glutaredoxin 4,Cellular processes and signaling
Glutathione amide-dependent peroxidase,Cellular processes and signaling
Glutathione S-transferase GST-6.0,Cellular processes and signaling
Glutathione S-transferase YfcF,Cellular processes and signaling
Glycogen accumulation regulator GarA,Cellular processes and signaling
GTP-binding protein TypA/BipA,Cellular processes and signaling
Heme A synthase,Cellular processes and signaling
Heme exporter protein C,Cellular processes and signaling
Hercynine oxygenase,Cellular processes and signaling
Hydrogenase 1 maturation protease,Cellular processes and signaling
Hydrogenase 2 maturation protease,Cellular processes and signaling
Hydrogenase expression/formation protein HypD,Cellular processes and signaling
Hydrogenase isoenzymes formation protein HypC,Cellular processes and signaling
Hydrogenase isoenzymes formation protein HypE,Cellular processes and signaling
Inner membrane protein YiaV,Cellular processes and signaling
Inner membrane transport permease YbhR,Cellular processes and signaling
Iron-sulfur cluster carrier protein,Cellular processes and signaling
Lipid A biosynthesis lauroyltransferase,Cellular processes and signaling
Lipid A export ATP-binding/permease protein MsbA,Cellular processes and signaling
Lipid-A-disaccharide synthase,Cellular processes and signaling
Lipoprotein signal peptidase,Cellular processes and signaling
Lon protease,Cellular processes and signaling
Low conductance mechanosensitive channel YnaI,Cellular processes and signaling
Low molecular weight protein-tyrosine-phosphatase YfkJ,Cellular processes and signaling
Lysostaphin,Cellular processes and signaling
Macrolide export ATP-binding/permease protein MacB,Cellular processes and signaling
Maf-like protein YceF,Cellular processes and signaling
Maf-like protein YhdE,Cellular processes and signaling
Mechanosensitive channel MscK,Cellular processes and signaling
Membrane protein insertase YidC,Cellular processes and signaling
Membrane-bound lytic murein transglycosylase D,Cellular processes and signaling
Membrane-bound protease,Cellular processes and signaling
Methyl-accepting chemotaxis protein McpQ,Cellular processes and signaling
Methyl-accepting chemotaxis protein PctC,Cellular processes and signaling
Microbial collagenase,Cellular processes and signaling
Minor extracellular protease vpr,Cellular processes and signaling
Modulator of FtsH protease HflC,Cellular processes and signaling
Modulator of FtsH protease HflK,Cellular processes and signaling
Multidrug efflux pump subunit AcrA,Cellular processes and signaling
Multidrug export protein MepA,Cellular processes and signaling
Multidrug resistance ABC transporter ATP-binding/permease protein BmrA,Cellular processes and signaling
Multidrug resistance protein MdtA,Cellular processes and signaling
Multidrug resistance protein MdtB,Cellular processes and signaling
Multidrug resistance protein NorM,Cellular processes and signaling
Multidrug/solvent efflux pump periplasmic linker protein MepA,Cellular processes and signaling
Muramidase-2,Cellular processes and signaling
Murein DD-endopeptidase MepM,Cellular processes and signaling
Murein hydrolase activator NlpD,Cellular processes and signaling
N-acetylmuramoyl-L-alanine amidase AmiC,Cellular processes and signaling
Neutral endopeptidase,Cellular processes and signaling
Nitrogen regulation protein NR(I),Cellular processes and signaling
Nitrogen regulation protein NR(II),Cellular processes and signaling
Outer membrane p25,Cellular processes and signaling
Outer membrane porin F,Cellular processes and signaling
Outer membrane protein 26,Cellular processes and signaling
Outer membrane protein assembly factor BamA,Cellular processes and signaling
Outer membrane protein assembly factor BamD,Cellular processes and signaling
Outer membrane protein OprM,Cellular processes and signaling
Outer membrane protein TolC,Cellular processes and signaling
Outer-membrane lipoprotein carrier protein,Cellular processes and signaling
Oxoglutarate dehydrogenase inhibitor,Cellular processes and signaling
Oxygen sensor protein DosP,Cellular processes and signaling
Penicillin-binding protein 1A,Cellular processes and signaling
Peptide methionine sulfoxide reductase MsrA,Cellular processes and signaling
Peptide methionine sulfoxide reductase MsrB,Cellular processes and signaling
"Peptidoglycan D,D-transpeptidase FtsI",Cellular processes and signaling
Peptidoglycan-associated lipoprotein,Cellular processes and signaling
Peptidyl-prolyl cis-trans isomerase B,Cellular processes and signaling
Peptidyl-prolyl cis-trans isomerase D,Cellular processes and signaling
Periplasmic pH-dependent serine endoprotease DegQ,Cellular processes and signaling
Periplasmic serine endoprotease DegP,Cellular processes and signaling
PhoH-like protein,Cellular processes and signaling
Phosphate regulon sensor protein PhoR,Cellular processes and signaling
Polyvinylalcohol dehydrogenase,Cellular processes and signaling
Protease 4,Cellular processes and signaling
Protease HtpX ,Cellular processes and signaling
Protein GrpE,Cellular processes and signaling
Protein TolB,Cellular processes and signaling
Protein translocase subunit SecA,Cellular processes and signaling
Protein translocase subunit SecE,Cellular processes and signaling
Protein translocase subunit SecY,Cellular processes and signaling
Protein-export membrane protein SecD,Cellular processes and signaling
Protein-export protein SecB,Cellular processes and signaling
Protein-L-isoaspartate O-methyltransferase,Cellular processes and signaling
putative ABC transporter ATP-binding protein,Cellular processes and signaling
putative ABC transporter ATP-binding protein YbhF,Cellular processes and signaling
putative ABC transporter ATP-binding protein YknY,Cellular processes and signaling
Putative anti-sigma factor antagonist BtrV,Cellular processes and signaling
putative ATP-dependent transporter SufC,Cellular processes and signaling
Putative carboxypeptidase YodJ,Cellular processes and signaling
putative diguanylate cyclase YcdT,Cellular processes and signaling
Putative DNA repair helicase RadD,Cellular processes and signaling
putative lipoprotein YiaD,Cellular processes and signaling
putative MscS family protein.1,Cellular processes and signaling
putative NTE family protein,Cellular processes and signaling
putative parvulin-type peptidyl-prolyl cis-trans isomerase,Cellular processes and signaling
putative peptidoglycan glycosyltransferase FtsW,Cellular processes and signaling
Putative peroxiredoxin,Cellular processes and signaling
Putative peroxiredoxin bcp,Cellular processes and signaling
putative protease YhbU,Cellular processes and signaling
Putative protein phosphatase 2C-type,Cellular processes and signaling
Putative serine protease HtrA,Cellular processes and signaling
putative signaling protein,Cellular processes and signaling
Putative type II secretion system protein F,Cellular processes and signaling
putative zinc protease,Cellular processes and signaling
Regulator of sigma-E protease RseP,Cellular processes and signaling
Response regulator PleD,Cellular processes and signaling
Response regulator protein TmoT,Cellular processes and signaling
Response regulator protein TodT,Cellular processes and signaling
Ribosomal RNA small subunit methyltransferase G,Cellular processes and signaling
Ribosomal RNA small subunit methyltransferase H,Cellular processes and signaling
RNA-binding protein Hfq,Cellular processes and signaling
Rod shape-determining protein MreB,Cellular processes and signaling
Sec-independent protein translocase protein TatA,Cellular processes and signaling
Sec-independent protein translocase protein TatB,Cellular processes and signaling
Sensor histidine kinase QseE,Cellular processes and signaling
Sensor protein TorS,Cellular processes and signaling
Sensory/regulatory protein RpfC,Cellular processes and signaling
Serine endoprotease DegS,Cellular processes and signaling
Serine/threonine phosphatase stp,Cellular processes and signaling
Serine/threonine-protein kinase BtrW,Cellular processes and signaling
Serine/threonine-protein kinase PknB,Cellular processes and signaling
Serine/threonine-protein kinase StkP,Cellular processes and signaling
Signal recognition particle protein,Cellular processes and signaling
Signal transduction histidine-protein kinase BaeS,Cellular processes and signaling
Signal transduction histidine-protein kinase BarA,Cellular processes and signaling
Small-conductance mechanosensitive channel,Cellular processes and signaling
Spore protein SP21,Cellular processes and signaling
Stomatin,Cellular processes and signaling
Swarming motility protein SwrC,Cellular processes and signaling
Tail-specific protease,Cellular processes and signaling
Thiol peroxidase,Cellular processes and signaling
Thiol-disulfide oxidoreductase ResA,Cellular processes and signaling
Thiol:disulfide interchange protein DsbC,Cellular processes and signaling
Thiol:disulfide interchange protein DsbD,Cellular processes and signaling
Thiol:disulfide interchange protein DsbE,Cellular processes and signaling
Thioredoxin 1,Cellular processes and signaling
Thioredoxin reductase,Cellular processes and signaling
Thiosulfate sulfurtransferase PspE,Cellular processes and signaling
Toluene efflux pump membrane transporter TtgE,Cellular processes and signaling
Toluene efflux pump periplasmic linker protein TtgA,Cellular processes and signaling
Toluene efflux pump periplasmic linker protein TtgD,Cellular processes and signaling
Transcriptional activator protein Anr,Cellular processes and signaling
Transcriptional regulator HilA,Cellular processes and signaling
Transcriptional regulatory protein DegU,Cellular processes and signaling
Transcriptional regulatory protein GlrR,Cellular processes and signaling
Transcriptional regulatory protein OmpR,Cellular processes and signaling
Transcriptional regulatory protein WalR,Cellular processes and signaling
Transcriptional regulatory protein YehT,Cellular processes and signaling
Transcriptional regulatory protein ZraR,Cellular processes and signaling
Trigger factor,Cellular processes and signaling
tRNA(Ile)-lysidine synthase,Cellular processes and signaling
Twitching mobility protein,Cellular processes and signaling
Type 4 prepilin-like proteins leader peptide-processing enzyme,Cellular processes and signaling
Type II secretion system protein C,Cellular processes and signaling
Type II secretion system protein D,Cellular processes and signaling
Type II secretion system protein E,Cellular processes and signaling
Type II secretion system protein F,Cellular processes and signaling
Type II secretion system protein G,Cellular processes and signaling
Type II secretion system protein L,Cellular processes and signaling
Type IV pilus biogenesis and competence protein PilQ,Cellular processes and signaling
Type IV pilus biogenesis factor PilY1,Cellular processes and signaling
UDP-3-O-(3-hydroxymyristoyl)glucosamine N-acyltransferase,Cellular processes and signaling
UDP-3-O-acyl-N-acetylglucosamine deacetylase,Cellular processes and signaling
UDP-3-O-acylglucosamine N-acyltransferase,Cellular processes and signaling
UDP-N-acetylglucosamine--N-acetylmuramyl-(pentapeptide) pyrophosphoryl-undecaprenol N-acetylglucosamine transferase,Cellular processes and signaling
UDP-N-acetylmuramate--L-alanine ligase,Cellular processes and signaling
"UDP-N-acetylmuramate--L-alanyl-gamma-D-glutamyl-meso-2,6-diaminoheptandioate ligase",Cellular processes and signaling
"UDP-N-acetylmuramoyl-L-alanyl-D-glutamate--2,6-diaminopimelate ligase",Cellular processes and signaling
UDP-N-acetylmuramoyl-tripeptide--D-alanyl-D-alanine ligase,Cellular processes and signaling
UDP-N-acetylmuramoylalanine--D-glutamate ligase,Cellular processes and signaling
Undecaprenyl-diphosphatase,Cellular processes and signaling
Universal stress protein E,Cellular processes and signaling
Gene,COG
23S rRNA (uracil(1939)-C(5))-methyltransferase RlmD,Information storage and processing
3'-5' ssDNA/RNA exonuclease TatD,Information storage and processing
30S ribosomal protein S1,Information storage and processing
30S ribosomal protein S10,Information storage and processing
30S ribosomal protein S11,Information storage and processing
30S ribosomal protein S12,Information storage and processing
30S ribosomal protein S13,Information storage and processing
30S ribosomal protein S14,Information storage and processing
30S ribosomal protein S15,Information storage and processing
30S ribosomal protein S17,Information storage and processing
30S ribosomal protein S18,Information storage and processing
30S ribosomal protein S19,Information storage and processing
30S ribosomal protein S2,Information storage and processing
30S ribosomal protein S20,Information storage and processing
30S ribosomal protein S21,Information storage and processing
30S ribosomal protein S3,Information storage and processing
30S ribosomal protein S4,Information storage and processing
30S ribosomal protein S5,Information storage and processing
30S ribosomal protein S6,Information storage and processing
30S ribosomal protein S7,Information storage and processing
30S ribosomal protein S8,Information storage and processing
30S ribosomal protein S9,Information storage and processing
30S ribosome-binding factor,Information storage and processing
4-sulfomuconolactone hydrolase,Information storage and processing
50S ribosomal protein L1,Information storage and processing
50S ribosomal protein L10,Information storage and processing
50S ribosomal protein L11,Information storage and processing
50S ribosomal protein L14,Information storage and processing
50S ribosomal protein L15,Information storage and processing
50S ribosomal protein L16,Information storage and processing
50S ribosomal protein L17,Information storage and processing
50S ribosomal protein L18,Information storage and processing
50S ribosomal protein L19,Information storage and processing
50S ribosomal protein L2,Information storage and processing
50S ribosomal protein L20,Information storage and processing
50S ribosomal protein L21,Information storage and processing
50S ribosomal protein L22,Information storage and processing
50S ribosomal protein L23,Information storage and processing
50S ribosomal protein L24,Information storage and processing
50S ribosomal protein L25,Information storage and processing
50S ribosomal protein L27,Information storage and processing
50S ribosomal protein L29,Information storage and processing
50S ribosomal protein L3,Information storage and processing
50S ribosomal protein L3 glutamine methyltransferase,Information storage and processing
50S ribosomal protein L30,Information storage and processing
50S ribosomal protein L31,Information storage and processing
50S ribosomal protein L35,Information storage and processing
50S ribosomal protein L4,Information storage and processing
50S ribosomal protein L5,Information storage and processing
50S ribosomal protein L6,Information storage and processing
50S ribosomal protein L7/L12,Information storage and processing
50S ribosomal protein L9,Information storage and processing
Acetyltransferase,Information storage and processing
Adenine DNA glycosylase,Information storage and processing
Alanine--tRNA ligase,Information storage and processing
Arginine repressor,Information storage and processing
Arginine--tRNA ligase,Information storage and processing
Arsenic resistance transcriptional regulator ArsR2,Information storage and processing
Aspartate--ammonia ligase,Information storage and processing
Aspartate--tRNA(Asp/Asn) ligase,Information storage and processing
Aspartyl/glutamyl-tRNA(Asn/Gln) amidotransferase subunit B,Information storage and processing
ATP-dependent DNA helicase RecQ,Information storage and processing
ATP-dependent helicase/nuclease subunit A,Information storage and processing
ATP-dependent RNA helicase RhlB,Information storage and processing
ATP-dependent RNA helicase RhlE,Information storage and processing
Bifunctional transcriptional activator/DNA repair enzyme AdaA,Information storage and processing
Cold shock protein CspB,Information storage and processing
Cold shock protein CspD,Information storage and processing
Cold shock protein ScoF,Information storage and processing
Cold shock-like protein CspE,Information storage and processing
Cold shock-like protein CspLA,Information storage and processing
D-aminoacyl-tRNA deacylase,Information storage and processing
DNA gyrase subunit A,Information storage and processing
DNA gyrase subunit B,Information storage and processing
DNA ligase,Information storage and processing
DNA mismatch repair protein MutL,Information storage and processing
DNA polymerase I,Information storage and processing
DNA polymerase III subunit alpha,Information storage and processing
DNA polymerase III subunit beta,Information storage and processing
DNA polymerase III subunit delta',Information storage and processing
DNA polymerase III subunit tau,Information storage and processing
DNA primase,Information storage and processing
DNA processing protein DprA,Information storage and processing
DNA repair and recombination protein RadA,Information storage and processing
DNA repair and recombination protein RadB,Information storage and processing
DNA repair protein RecN,Information storage and processing
DNA topoisomerase 1,Information storage and processing
DNA topoisomerase 4 subunit B,Information storage and processing
DNA-binding protein Fis,Information storage and processing
DNA-binding protein HU,Information storage and processing
DNA-directed RNA polymerase subunit alpha,Information storage and processing
DNA-directed RNA polymerase subunit beta,Information storage and processing
DNA-directed RNA polymerase subunit beta',Information storage and processing
Dual-specificity RNA methyltransferase RlmN,Information storage and processing
ECF RNA polymerase sigma factor EcfG,Information storage and processing
ECF RNA polymerase sigma factor SigE,Information storage and processing
ECF RNA polymerase sigma factor SigR,Information storage and processing
ECF RNA polymerase sigma factor SigW,Information storage and processing
ECF RNA polymerase sigma-E factor,Information storage and processing
Elongation factor G,Information storage and processing
Elongation factor G 1,Information storage and processing
Elongation factor P,Information storage and processing
Elongation factor Ts,Information storage and processing
Elongation factor Tu,Information storage and processing
Error-prone DNA polymerase,Information storage and processing
Exodeoxyribonuclease,Information storage and processing
Exodeoxyribonuclease 7 small subunit,Information storage and processing
Fatty acid metabolism regulator protein,Information storage and processing
Glutamyl-tRNA(Gln) amidotransferase subunit A,Information storage and processing
Glutamyl-tRNA(Gln) amidotransferase subunit C,Information storage and processing
Glycine cleavage system transcriptional activator,Information storage and processing
Glycine--tRNA ligase alpha subunit,Information storage and processing
Glycine--tRNA ligase beta subunit,Information storage and processing
Histidine--tRNA ligase,Information storage and processing
Histone deacetylase-like amidohydrolase,Information storage and processing
HTH-type transcriptional regulator BetI,Information storage and processing
HTH-type transcriptional regulator CysB,Information storage and processing
HTH-type transcriptional regulator HexR,Information storage and processing
HTH-type transcriptional regulator LutR,Information storage and processing
HTH-type transcriptional regulator MurR,Information storage and processing
HTH-type transcriptional regulator RutR,Information storage and processing
HTH-type transcriptional regulator TcaR,Information storage and processing
HTH-type transcriptional repressor BluR,Information storage and processing
HTH-type transcriptional repressor ComR,Information storage and processing
HTH-type transcriptional repressor YtrA,Information storage and processing
Hydrogenase isoenzymes nickel incorporation protein HypB,Information storage and processing
Insertion element IS6110 uncharacterized 12.0 kDa protein,Information storage and processing
Integration host factor subunit alpha,Information storage and processing
Integration host factor subunit beta,Information storage and processing
Isoleucine--tRNA ligase,Information storage and processing
Leucine--tRNA ligase,Information storage and processing
"Lysine--tRNA ligase, heat inducible",Information storage and processing
Methionine aminopeptidase,Information storage and processing
Methionine--tRNA ligase,Information storage and processing
Methylthioribose-1-phosphate isomerase,Information storage and processing
NADPH-dependent 7-cyano-7-deazaguanine reductase,Information storage and processing
Oligoribonuclease,Information storage and processing
Peptide chain release factor 3,Information storage and processing
Peptide chain release factor RF1,Information storage and processing
Peptide chain release factor RF2,Information storage and processing
Peptide deformylase,Information storage and processing
Peptidyl-tRNA hydrolase,Information storage and processing
Phage shock protein A,Information storage and processing
Phage shock protein C,Information storage and processing
Phenylalanine--tRNA ligase alpha subunit,Information storage and processing
Phenylalanine--tRNA ligase beta subunit,Information storage and processing
Phosphatase NudJ,Information storage and processing
Poly(A) polymerase I,Information storage and processing
Polyribonucleotide nucleotidyltransferase,Information storage and processing
Primosomal protein N',Information storage and processing
Proline--tRNA ligase,Information storage and processing
Psp operon transcriptional activator,Information storage and processing
putative HTH-type transcriptional regulator,Information storage and processing
putative HTH-type transcriptional regulator YurK,Information storage and processing
putative Nudix hydrolase NudL,Information storage and processing
Putative pre-16S rRNA nuclease,Information storage and processing
putative transcriptional regulatory protein,Information storage and processing
putative tRNA-dihydrouridine synthase,Information storage and processing
RCS-specific HTH-type transcriptional activator RclR,Information storage and processing
Recombination and repair protein,Information storage and processing
Replication-associated recombination protein A,Information storage and processing
Replicative DNA helicase,Information storage and processing
Ribonuclease D,Information storage and processing
Ribonuclease G,Information storage and processing
Ribonuclease PH,Information storage and processing
Ribonuclease R,Information storage and processing
Ribonuclease T,Information storage and processing
Ribosomal large subunit pseudouridine synthase C,Information storage and processing
Ribosomal large subunit pseudouridine synthase D,Information storage and processing
Ribosomal protein S6--L-glutamate ligase,Information storage and processing
Ribosomal RNA small subunit methyltransferase B,Information storage and processing
Ribosomal RNA small subunit methyltransferase D,Information storage and processing
Ribosome hibernation promoting factor,Information storage and processing
Ribosome maturation factor RimM,Information storage and processing
Ribosome-binding ATPase YchF,Information storage and processing
RNA polymerase sigma factor RpoD,Information storage and processing
RNA polymerase sigma factor RpoH,Information storage and processing
RNA polymerase sigma factor RpoS,Information storage and processing
RNA polymerase sigma factor SigV,Information storage and processing
RNA polymerase sigma-54 factor,Information storage and processing
RNA polymerase-binding transcription factor DksA,Information storage and processing
RNA-binding protein,Information storage and processing
Serine--tRNA ligase,Information storage and processing
Single-stranded DNA-binding protein,Information storage and processing
Succinate--CoA ligase [ADP-forming] subunit alpha,Information storage and processing
Succinate--CoA ligase [ADP-forming] subunit beta,Information storage and processing
Threonine--tRNA ligase,Information storage and processing
Threonylcarbamoyl-AMP synthase,Information storage and processing
Transcription termination factor Rho,Information storage and processing
Transcription termination/antitermination protein NusA,Information storage and processing
Transcription termination/antitermination protein NusG,Information storage and processing
Transcriptional activator CadC,Information storage and processing
Transcriptional activator HlyU,Information storage and processing
Transcriptional activatory protein AadR,Information storage and processing
Transcriptional regulator SdrP,Information storage and processing
Transcriptional regulatory protein UhpA,Information storage and processing
Translation initiation factor IF-1,Information storage and processing
Translation initiation factor IF-2,Information storage and processing
Translation initiation factor IF-3,Information storage and processing
tRNA (cytidine(34)-2'-O)-methyltransferase,Information storage and processing
tRNA (guanine-N(1)-)-methyltransferase,Information storage and processing
tRNA pseudouridine synthase A,Information storage and processing
tRNA pseudouridine synthase D,Information storage and processing
Tyrosine recombinase XerC,Information storage and processing
Tyrosine recombinase XerD,Information storage and processing
Tyrosine--tRNA ligase,Information storage and processing
UvrABC system protein A,Information storage and processing
Valine--tRNA ligase,Information storage and processing
(3S)-malyl-CoA thioesterase,Metabolism
1-acyl-sn-glycerol-3-phosphate acyltransferase,Metabolism
"1,2-phenylacetyl-CoA epoxidase, subunit C",Metabolism
"1,4-dihydroxy-2-naphthoate octaprenyltransferase",Metabolism
2-amino-3-ketobutyrate coenzyme A ligase,Metabolism
2-dehydropantoate 2-reductase,Metabolism
2-hydroxy-3-oxopropionate reductase,Metabolism
2-isopropylmalate synthase,Metabolism
2-octaprenyl-6-methoxyphenol hydroxylase,Metabolism
2-oxoglutarate dehydrogenase E1 component,Metabolism
2-oxoglutarate oxidoreductase subunit KorA,Metabolism
2-oxoglutarate oxidoreductase subunit KorB,Metabolism
2-oxoglutarate synthase subunit KorA,Metabolism
2-oxoisovalerate dehydrogenase subunit alpha,Metabolism
2-oxoisovalerate dehydrogenase subunit beta,Metabolism
"2-succinyl-6-hydroxy-2,4-cyclohexadiene-1-carboxylate synthase",Metabolism
"2,3-bisphosphoglycerate-dependent phosphoglycerate mutase",Metabolism
"2,5-dioxopentanoate dehydrogenase",Metabolism
3 beta-hydroxysteroid dehydrogenase/Delta 5-->4-isomerase,Metabolism
"3-[(3aS,4S,7aS)-7a-methyl-1,5-dioxo-octahydro-1H-inden-4-yl]propanoyl:CoA ligase",Metabolism
3-dehydroquinate synthase,Metabolism
3-hydroxyacyl-[acyl-carrier-protein] dehydratase FabZ,Metabolism
3-hydroxydecanoyl-[acyl-carrier-protein] dehydratase,Metabolism
3-hydroxylaminophenol mutase,Metabolism
3-hydroxypropionyl-coenzyme A dehydratase,Metabolism
3-isopropylmalate dehydratase large subunit,Metabolism
3-ketoacyl-CoA thiolase,Metabolism
3-methylmercaptopropionyl-CoA dehydrogenase,Metabolism
3-methylmercaptopropionyl-CoA ligase,Metabolism
3-oxoacyl-[acyl-carrier-protein] reductase FabG,Metabolism
3-oxoacyl-[acyl-carrier-protein] synthase 1,Metabolism
3-oxoacyl-[acyl-carrier-protein] synthase 2,Metabolism
3-oxoacyl-[acyl-carrier-protein] synthase 3,Metabolism
3-oxoadipate CoA-transferase subunit B,Metabolism
3-phosphoshikimate 1-carboxyvinyltransferase,Metabolism
3-phytase,Metabolism
3-succinoylsemialdehyde-pyridine dehydrogenase,Metabolism
"3D-(3,5/4)-trihydroxycyclohexane-1,2-dione hydrolase",Metabolism
4-aminobutyrate aminotransferase GabT,Metabolism
4-hydroxy-tetrahydrodipicolinate synthase,Metabolism
4-hydroxybenzoyl-CoA reductase subunit alpha,Metabolism
4-hydroxyphenylpyruvate dioxygenase,Metabolism
4'-phosphopantetheinyl transferase sfp,Metabolism
5-aminovalerate aminotransferase DavT,Metabolism
5-dehydro-2-deoxygluconokinase,Metabolism
5'-deoxyadenosine deaminase,Metabolism
5'-nucleotidase SurE,Metabolism
6-hydroxy-D-nicotine oxidase,Metabolism
6-oxocyclohex-1-ene-1-carbonyl-CoA hydrolase,Metabolism
6-phosphogluconolactonase,Metabolism
"6,7-dimethyl-8-ribityllumazine synthase",Metabolism
8-oxoguanine deaminase,Metabolism
Acetaldehyde dehydrogenase 2,Metabolism
Acetate--CoA ligase [ADP-forming] I,Metabolism
"Acetoin:2,6-dichlorophenolindophenol oxidoreductase subunit beta",Metabolism
Acetolactate synthase large subunit,Metabolism
Acetophenone carboxylase gamma subunit,Metabolism
Acetyl-/propionyl-coenzyme A carboxylase alpha chain,Metabolism
Acetyl-CoA acetyltransferase,Metabolism
Acetyl-CoA:oxalate CoA-transferase,Metabolism
Acetyl-coenzyme A carboxylase carboxyl transferase subunit alpha,Metabolism
Acetyl-coenzyme A carboxylase carboxyl transferase subunit beta,Metabolism
Acetyl-coenzyme A synthetase,Metabolism
Acetylglutamate kinase,Metabolism
Aconitate hydratase A,Metabolism
Acrylyl-CoA reductase AcuI,Metabolism
Acyl carrier protein,Metabolism
Acyl-CoA dehydrogenase,Metabolism
"Acyl-CoA dehydrogenase, short-chain specific",Metabolism
Acyl-CoA thioesterase 2,Metabolism
Acyl-coenzyme A dehydrogenase,Metabolism
Adenine deaminase,Metabolism
Adenosylhomocysteinase,Metabolism
Adenylate kinase,Metabolism
Adenylosuccinate lyase,Metabolism
Adenylosuccinate synthetase,Metabolism
Adenylylsulfate reductase subunit alpha,Metabolism
Adenylylsulfate reductase subunit beta,Metabolism
ADP-ribose pyrophosphatase,Metabolism
Aerobic glycerol-3-phosphate dehydrogenase,Metabolism
Alanine dehydrogenase,Metabolism
Aldehyde oxidoreductase,Metabolism
Aldehyde-alcohol dehydrogenase,Metabolism
Alginate lyase,Metabolism
allantoicase,Metabolism
Alpha-keto acid-binding periplasmic protein TakP,Metabolism
Alpha-ketoglutaric semialdehyde dehydrogenase,Metabolism
Alternative cytochrome c oxidase subunit 1,Metabolism
Alternative cytochrome c oxidase subunit 2,Metabolism
Amidophosphoribosyltransferase,Metabolism
Aminomethyltransferase,Metabolism
Anaerobic glycerol-3-phosphate dehydrogenase subunit C,Metabolism
Anthranilate phosphoribosyltransferase,Metabolism
Anthranilate synthase component 1,Metabolism
Aralkylamine dehydrogenase light chain,Metabolism
Archaetidylserine synthase,Metabolism
Arginase,Metabolism
Argininosuccinate lyase,Metabolism
Arsenical-resistance protein Acr3,Metabolism
Arylsulfatase,Metabolism
Aspartate aminotransferase,Metabolism
Aspartate carbamoyltransferase,Metabolism
Aspartate-semialdehyde dehydrogenase 2,Metabolism
ATP phosphoribosyltransferase,Metabolism
ATP synthase gamma chain,Metabolism
ATP synthase subunit a,Metabolism
ATP synthase subunit alpha,Metabolism
ATP synthase subunit b,Metabolism
ATP synthase subunit beta,Metabolism
ATP synthase subunit delta,Metabolism
Beta-alanine--pyruvate aminotransferase,Metabolism
Bifunctional (p)ppGpp synthase/hydrolase SpoT,Metabolism
Bifunctional NAD(P)H-hydrate repair enzyme Nnr,Metabolism
Bifunctional protein FolD protein,Metabolism
Bifunctional protein PutA,Metabolism
Bifunctional purine biosynthesis protein PurH,Metabolism
Biotin carboxyl carrier protein of acetyl-CoA carboxylase,Metabolism
Biotin carboxylase,Metabolism
"Bis(5'-nucleosyl)-tetraphosphatase, symmetrical",Metabolism
Branched-chain-amino-acid aminotransferase,Metabolism
"Cadmium, cobalt and zinc/H(+)-K(+) antiporter",Metabolism
Caffeate CoA-transferase,Metabolism
Caffeyl-CoA reductase-Etf complex subunit CarC,Metabolism
Calcium-transporting ATPase 1,Metabolism
Carbamate kinase,Metabolism
Carbamoyl-phosphate synthase large chain,Metabolism
Carbamoyl-phosphate synthase small chain,Metabolism
Carbon dioxide concentrating mechanism protein CcmL,Metabolism
Carbon dioxide-concentrating mechanism protein CcmK ,Metabolism
Carbon monoxide dehydrogenase small chain,Metabolism
Carboxymethylenebutenolidase,Metabolism
Carboxypeptidase G2,Metabolism
Cardiolipin synthase C,Metabolism
Catalase-peroxidase 2,Metabolism
Cation efflux system protein CusB,Metabolism
Cbb3-type cytochrome c oxidase subunit CcoN1,Metabolism
Cbb3-type cytochrome c oxidase subunit CcoP2,Metabolism
CDP-diacylglycerol--glycerol-3-phosphate 3-phosphatidyltransferase,Metabolism
Choline-sulfatase,Metabolism
Citrate synthase,Metabolism
CoB--CoM heterodisulfide reductase iron-sulfur subunit A,Metabolism
CoB--CoM heterodisulfide reductase iron-sulfur subunit C,Metabolism
CoB--CoM heterodisulfide reductase iron-sulfur subunit D,Metabolism
"Cobyrinate a,c-diamide synthase",Metabolism
Coenzyme A biosynthesis bifunctional protein CoaBC,Metabolism
Colicin I receptor,Metabolism
Copper-exporting P-type ATPase A,Metabolism
CTP synthase,Metabolism
Cysteine desulfurase SufS,Metabolism
Cysteine synthase,Metabolism
Cytidine deaminase,Metabolism
Cytidylate kinase,Metabolism
Cytochrome b/c1,Metabolism
Cytochrome b561 ,Metabolism
Cytochrome b6,Metabolism
Cytochrome c oxidase subunit 1,Metabolism
Cytochrome c oxidase subunit 2,Metabolism
Cytochrome c oxidase subunit 3,Metabolism
Cytochrome c-555,Metabolism
Cytochrome c-type protein NrfB,Metabolism
Cytochrome c1,Metabolism
Cytochrome c4,Metabolism
Cytochrome c551 peroxidase,Metabolism
Cytochrome c6,Metabolism
Cytochrome subunit of sulfide dehydrogenase,Metabolism
Cytosol aminopeptidase,Metabolism
D-2-hydroxyacid dehydrogenase,Metabolism
D-aminoacylase,Metabolism
D-galactonate dehydratase,Metabolism
D-hydantoinase,Metabolism
D-hydantoinase/dihydropyrimidinase,Metabolism
D-lactate dehydrogenase (acceptor),Metabolism
Dehydrosqualene desaturase,Metabolism
Delta-aminolevulinic acid dehydratase,Metabolism
Deoxyribose-phosphate aldolase,Metabolism
Deoxyuridine 5'-triphosphate nucleotidohydrolase,Metabolism
Diaminopimelate epimerase,Metabolism
Dihydroanticapsin 7-dehydrogenase,Metabolism
Dihydrofolate reductase type 3,Metabolism
Dihydrofolate synthase/folylpolyglutamate synthase,Metabolism
Dihydrolipoyl dehydrogenase,Metabolism
Dihydrolipoyllysine-residue acetyltransferase component of pyruvate dehydrogenase complex,Metabolism
Dihydroorotase,Metabolism
"Dihydroorotate dehydrogenase B (NAD(+)), electron transfer subunit",Metabolism
Dihydroxy-acid dehydratase,Metabolism
Dipeptidyl aminopeptidase BIII,Metabolism
Dipeptidyl carboxypeptidase,Metabolism
Dipeptidyl-peptidase 5,Metabolism
Dissimilatory sulfite reductase,Metabolism
Disulfide bond formation protein D,Metabolism
dITP/XTP pyrophosphatase,Metabolism
"Ditrans,polycis-undecaprenyl-diphosphate synthase ((2E,6E)-farnesyl-diphosphate specific)",Metabolism
DsdX permease,Metabolism
Ectoine/5-hydroxyectoine TRAP transporter small permease protein UehB,Metabolism
Efflux pump membrane transporter BepE,Metabolism
Electron transfer flavoprotein subunit alpha,Metabolism
Electron transfer flavoprotein subunit beta,Metabolism
Electron transfer flavoprotein-ubiquinone oxidoreductase,Metabolism
Electron transport complex subunit RnfC,Metabolism
Electron transport complex subunit RnfE,Metabolism
Electron transport complex subunit RsxA,Metabolism
Electron transport complex subunit RsxB,Metabolism
Electron transport complex subunit RsxD,Metabolism
Endolytic murein transglycosylase,Metabolism
Endonuclease YhcR,Metabolism
Enolase,Metabolism
Enoyl-[acyl-carrier-protein] reductase [NADH] FabI,Metabolism
Epoxyqueuosine reductase,Metabolism
Esterase TesA,Metabolism
Exopolyphosphatase,Metabolism
F(420)H(2) dehydrogenase subunit L,Metabolism
F(420)H(2) dehydrogenase subunit M,Metabolism
FAD:protein FMN transferase,Metabolism
Fatty acid desaturase,Metabolism
Fatty acid oxidation complex subunit alpha,Metabolism
Fe(2+) transporter FeoB,Metabolism
Fe(3+) dicitrate transport protein FecA,Metabolism
Ferredoxin 1,Metabolism
Ferredoxin--NAD(P)(+) reductase fdr,Metabolism
Ferric enterobactin receptor,Metabolism
Ferric uptake regulation protein,Metabolism
Ferrichrome-iron receptor,Metabolism
Ferrienterobactin receptor,Metabolism
Ferrous-iron efflux pump FieF,Metabolism
FMN-dependent NADH-azoreductase,Metabolism
Formamidase,Metabolism
Formate--tetrahydrofolate ligase,Metabolism
Fructose dehydrogenase large subunit,Metabolism
"Fructose-1,6-bisphosphatase class 1",Metabolism
Fructose-bisphosphate aldolase class 1,Metabolism
Fumarate hydratase class II,Metabolism
Fumarate reductase flavoprotein subunit,Metabolism
Fumarate reductase iron-sulfur subunit,Metabolism
Fused isobutyryl-CoA mutase,Metabolism
Gamma-glutamyl-gamma-aminobutyrate hydrolase PuuD,Metabolism
Gamma-glutamylputrescine oxidoreductase,Metabolism
Gamma-glutamyltranspeptidase,Metabolism
General stress protein 69,Metabolism
"Glucan endo-1,3-beta-glucosidase A1",Metabolism
Glucose-1-phosphate adenylyltransferase,Metabolism
Glucose-6-phosphate 1-dehydrogenase,Metabolism
Glucose-6-phosphate isomerase,Metabolism
"Glutamate 2,3-aminomutase",Metabolism
Glutamate dehydrogenase,Metabolism
Glutamate synthase [NADPH] large chain,Metabolism
Glutamate synthase [NADPH] small chain,Metabolism
Glutamate--cysteine ligase,Metabolism
"Glutamate-1-semialdehyde 2,1-aminomutase",Metabolism
Glutamine synthetase,Metabolism
Glutamine--tRNA ligase,Metabolism
Glutamine-dependent NAD(+) synthetase,Metabolism
Glutarate-semialdehyde dehydrogenase DavD,Metabolism
Glutathione amide reductase,Metabolism
Glutathione import ATP-binding protein GsiA,Metabolism
Glutathione transport system permease protein GsiD,Metabolism
Glyceraldehyde-3-phosphate dehydrogenase,Metabolism
Glycerol-3-phosphate acyltransferase,Metabolism
Glycerol-3-phosphate transporter,Metabolism
Glycine cleavage system H protein,Metabolism
GMP synthase [glutamine-hydrolyzing],Metabolism
"GTP 3',8-cyclase",Metabolism
GTP pyrophosphokinase,Metabolism
Guanine deaminase,Metabolism
"Guanosine-3',5'-bis(diphosphate) 3'-pyrophosphohydrolase",Metabolism
Guanylate kinase,Metabolism
Hdr-like menaquinol oxidoreductase cytochrome b-like subunit,Metabolism
Hdr-like menaquinol oxidoreductase iron-sulfur subunit 1,Metabolism
Hdr-like menaquinol oxidoreductase iron-sulfur subunit 2,Metabolism
Hemin receptor,Metabolism
Hemin transport system permease protein HmuU,Metabolism
Hemoglobin and hemoglobin-haptoglobin-binding protein,Metabolism
Heterodisulfide reductase subunit B-like protein,Metabolism
High molecular weight rubredoxin,Metabolism
High-potential iron-sulfur protein,Metabolism
High-potential iron-sulfur protein isozyme 2,Metabolism
Histidine ammonia-lyase,Metabolism
Histidinol dehydrogenase,Metabolism
Homoisocitrate dehydrogenase,Metabolism
Homoserine kinase,Metabolism
Homoserine O-succinyltransferase,Metabolism
Hydrogenase-1 large chain,Metabolism
Hydroxymethylglutaryl-CoA synthase,Metabolism
Imidazolonepropionase,Metabolism
Inner membrane symporter YicJ,Metabolism
Inner membrane transport protein YajR,Metabolism
Inosine-5'-monophosphate dehydrogenase,Metabolism
Inositol-1-monophosphatase,Metabolism
Iron-sulfur cluster insertion protein ErpA,Metabolism
Isocitrate dehydrogenase [NADP],Metabolism
Isocitrate lyase,Metabolism
Isopropylmalate/citramalate isomerase large subunit,Metabolism
Isoquinoline 1-oxidoreductase subunit beta,Metabolism
K(+)-insensitive pyrophosphate-energized proton pump,Metabolism
K(+)/H(+) antiporter NhaP,Metabolism
Ketoisovalerate oxidoreductase subunit VorA,Metabolism
Ketoisovalerate oxidoreductase subunit VorB,Metabolism
Kynurenine 3-monooxygenase,Metabolism
"L-2,4-diaminobutyrate decarboxylase",Metabolism
L-aspartate/L-glutamate decarboxylase,Metabolism
L-methionine gamma-lyase,Metabolism
L-serine/homoserine O-acetyltransferase,Metabolism
L-threonine 3-dehydrogenase,Metabolism
Leucyl aminopeptidase,Metabolism
Lipoamide acyltransferase component of branched-chain alpha-keto acid dehydrogenase complex,Metabolism
Lipoate-protein ligase A subunit 1,Metabolism
Lipopolysaccharide assembly protein B,Metabolism
Lipoprotein-releasing system ATP-binding protein LolD,Metabolism
Long-chain-fatty-acid--CoA ligase,Metabolism
Long-chain-fatty-acid--CoA ligase FadD15,Metabolism
Lysine 6-dehydrogenase,Metabolism
Lysophospholipid transporter LplT,Metabolism
Magnesium and cobalt efflux protein CorC,Metabolism
Magnesium transporter MgtE,Metabolism
Malate dehydrogenase,Metabolism
Malate synthase G,Metabolism
Maleylpyruvate isomerase,Metabolism
Malonyl CoA-acyl carrier protein transacylase,Metabolism
Maltodextrin phosphorylase,Metabolism
Membrane-bound aldehyde dehydrogenase [pyrroloquinoline-quinone],Metabolism
Methionine synthase,Metabolism
Methylmalonate semialdehyde dehydrogenase [acylating],Metabolism
Methylmalonyl-CoA carboxyltransferase 12S subunit,Metabolism
Molybdopterin molybdenumtransferase,Metabolism
Monocarboxylate 2-oxoacid-binding periplasmic protein,Metabolism
N-acetyl-gamma-glutamyl-phosphate reductase,Metabolism
N5-carboxyaminoimidazole ribonucleotide mutase,Metabolism
Na(+)-translocating NADH-quinone reductase subunit A,Metabolism
Na(+)-translocating NADH-quinone reductase subunit B,Metabolism
Na(+)-translocating NADH-quinone reductase subunit D,Metabolism
Na(+)-translocating NADH-quinone reductase subunit E,Metabolism
Na(+)-translocating NADH-quinone reductase subunit F,Metabolism
Na(+)/H(+) antiporter NhaB,Metabolism
NAD kinase,Metabolism
NAD-dependent dihydropyrimidine dehydrogenase subunit PreA,Metabolism
NAD-dependent malic enzyme,Metabolism
NAD-specific glutamate dehydrogenase,Metabolism
NAD(P) transhydrogenase subunit alpha,Metabolism
NAD(P) transhydrogenase subunit beta,Metabolism
NAD(P)-specific glutamate dehydrogenase,Metabolism
NADH-quinone oxidoreductase chain 2,Metabolism
NADH-quinone oxidoreductase chain 5,Metabolism
NADH-quinone oxidoreductase subunit 11,Metabolism
NADH-quinone oxidoreductase subunit A,Metabolism
NADH-quinone oxidoreductase subunit B,Metabolism
NADH-quinone oxidoreductase subunit D,Metabolism
NADH-quinone oxidoreductase subunit H,Metabolism
NADH-quinone oxidoreductase subunit J,Metabolism
NADP-reducing hydrogenase subunit HndC,Metabolism
NADPH-dependent quinone reductase ArsH,Metabolism
NADPH-Fe(3+) oxidoreductase subunit beta,Metabolism
Nicotinate dehydrogenase FAD-subunit,Metabolism
Nicotinate dehydrogenase subunit B,Metabolism
Nitrite reductase,Metabolism
Nitrogen regulatory protein,Metabolism
Nucleoside diphosphate kinase,Metabolism
O-ureido-L-serine synthase,Metabolism
Oligopeptidase A,Metabolism
Oligopeptide transport system permease protein OppB,Metabolism
Oligosaccharide 4-alpha-D-glucosyltransferase,Metabolism
Opine dehydrogenase,Metabolism
Ornithine aminotransferase,Metabolism
Ornithine aminotransferase 2,Metabolism
Ornithine carbamoyltransferase,Metabolism
Orotate phosphoribosyltransferase,Metabolism
Orotidine 5'-phosphate decarboxylase,Metabolism
Oxalate oxidoreductase subunit delta,Metabolism
oxaloacetate decarboxylase gamma chain,Metabolism
Oxygen-independent coproporphyrinogen III oxidase,Metabolism
P-protein,Metabolism
Periplasmic oligopeptide-binding protein,Metabolism
Peroxide operon regulator,Metabolism
Pesticin receptor,Metabolism
Phenolic acid decarboxylase subunit C,Metabolism
Phenylserine dehydratase,Metabolism
Phosphate acyltransferase,Metabolism
Phosphate-binding protein PstS,Metabolism
Phosphatidylserine decarboxylase proenzyme,Metabolism
Phospho-2-dehydro-3-deoxyheptonate aldolase,Metabolism
Phosphoenolpyruvate synthase,Metabolism
Phosphoglucosamine mutase,Metabolism
Phosphoribosyl-AMP cyclohydrolase,Metabolism
Phosphoribosylformylglycinamidine cyclo-ligase,Metabolism
Phosphoribosylformylglycinamidine synthase,Metabolism
Phosphoribosylglycinamide formyltransferase,Metabolism
"Phosphoribulokinase, chromosomal",Metabolism
Phosphoserine aminotransferase,Metabolism
Phytoene desaturase (lycopene-forming),Metabolism
Phytoene desaturase (neurosporene-forming),Metabolism
Polyamine aminopropyltransferase,Metabolism
Polysulfide reductase chain A,Metabolism
Porphobilinogen deaminase,Metabolism
Propionyl-CoA carboxylase beta chain,Metabolism
Proton/glutamate-aspartate symporter,Metabolism
Purine nucleoside phosphorylase DeoD-type,Metabolism
putative 3-hydroxyacyl-CoA dehydrogenase,Metabolism
Putative 3-oxopropanoate dehydrogenase,Metabolism
putative acrylyl-CoA reductase AcuI,Metabolism
putative alcohol dehydrogenase AdhA,Metabolism
Putative alkyl/aryl-sulfatase YjcS,Metabolism
putative allantoin permease,Metabolism
Putative amidase AmiD,Metabolism
putative aminomethyltransferase,Metabolism
Putative ammonium transporter,Metabolism
putative bifunctional SAT/APS kinase,Metabolism
putative binding protein component of ABC iron transporter,Metabolism
Putative cystathionine beta-synthase,Metabolism
putative cysteine desulfurase,Metabolism
Putative dimethyl sulfoxide reductase membrane subunit C,Metabolism
Putative formate dehydrogenase,Metabolism
putative glycine dehydrogenase (decarboxylating) subunit 1,Metabolism
putative glycine dehydrogenase (decarboxylating) subunit 2,Metabolism
Putative hydroxypyruvate reductase,Metabolism
putative L-galactonate transporter,Metabolism
putative methylmalonyl-CoA mutase large subunit,Metabolism
putative MFS-type transporter YhjX,Metabolism
Putative NADP-dependent oxidoreductase YfmJ,Metabolism
putative Ni/Fe-hydrogenase B-type cytochrome subunit,Metabolism
Putative nucleoside transporter YegT,Metabolism
putative oxidoreductase YciK,Metabolism
putative phosphatase,Metabolism
putative phospholipid ABC transporter-binding protein MlaD,Metabolism
putative phospholipid import ATP-binding protein MlaF,Metabolism
putative protein kinase UbiB,Metabolism
Putative pterin-4-alpha-carbinolamine dehydratase,Metabolism
Putative sulfurtransferase DsrE,Metabolism
Putative uroporphyrinogen-III C-methyltransferase,Metabolism
putative xanthine dehydrogenase subunit D,Metabolism
Pyridoxine 5'-phosphate synthase,Metabolism
Pyridoxine/pyridoxamine 5'-phosphate oxidase,Metabolism
Pyrimidine-specific ribonucleoside hydrolase RihA,Metabolism
Pyrophosphate--fructose 6-phosphate 1-phosphotransferase,Metabolism
Pyruvate carboxylase subunit B,Metabolism
Pyruvate dehydrogenase E1 component,Metabolism
Pyruvate kinase,Metabolism
Pyruvate kinase II,Metabolism
Pyruvate synthase subunit PorA,Metabolism
Pyruvate synthase subunit PorB,Metabolism
Pyruvate synthase subunit PorC,Metabolism
Pyruvate-flavodoxin oxidoreductase,Metabolism
"Pyruvate, phosphate dikinase",Metabolism
Quinohemoprotein alcohol dehydrogenase ADH IIB,Metabolism
Quinone oxidoreductase 1,Metabolism
Quinoprotein glucose dehydrogenase,Metabolism
Riboflavin biosynthesis protein RibBA,Metabolism
Ribose-5-phosphate isomerase A,Metabolism
Ribose-phosphate pyrophosphokinase,Metabolism
Ribulose bisphosphate carboxylase,Metabolism
Ribulose-phosphate 3-epimerase,Metabolism
Rubrerythrin,Metabolism
S-adenosylmethionine synthase,Metabolism
SCO1 protein ,Metabolism
Shikimate dehydrogenase (NADP(+)),Metabolism
Shikimate kinase 1,Metabolism
Sodium/pantothenate symporter,Metabolism
Sodium/proton-dependent alanine carrier protein,Metabolism
Solute-binding protein,Metabolism
Spermidine/putrescine import ATP-binding protein PotA,Metabolism
Spore coat protein A,Metabolism
Succinate dehydrogenase cytochrome b556 subunit,Metabolism
Succinate dehydrogenase flavoprotein subunit,Metabolism
Succinate dehydrogenase iron-sulfur subunit,Metabolism
Succinate-semialdehyde dehydrogenase [NADP(+)] GabD,Metabolism
Succinyl-diaminopimelate desuccinylase,Metabolism
Sulfate permease CysP,Metabolism
Sulfide dehydrogenase subunit alpha,Metabolism
Sulfide dehydrogenase subunit beta,Metabolism
"Sulfite reductase, dissimilatory-type subunit alpha",Metabolism
"Sulfite reductase, dissimilatory-type subunit beta",Metabolism
Sulfofructose kinase,Metabolism
Sulfurtransferase FdhD,Metabolism
Sulfurtransferase TusA,Metabolism
Taurine--pyruvate aminotransferase,Metabolism
Tetrathionate reductase subunit B,Metabolism
Thermostable carboxypeptidase 1,Metabolism
Thermostable monoacylglycerol lipase,Metabolism
Thiosulfate sulfurtransferase GlpE,Metabolism
Threonine synthase,Metabolism
Thymidine kinase,Metabolism
Thymidylate synthase,Metabolism
Transketolase 1,Metabolism
Trehalose/maltose import ATP-binding protein MalK,Metabolism
Tricorn protease-interacting factor F2,Metabolism
Trimethylamine dehydrogenase,Metabolism
Trk system potassium uptake protein TrkA,Metabolism
Trk system potassium uptake protein TrkH,Metabolism
"Tryptophan 2,3-dioxygenase",Metabolism
Tryptophan synthase alpha chain,Metabolism
Tryptophan synthase beta chain 1,Metabolism
Tryptophanase 2,Metabolism
Type III pantothenate kinase,Metabolism
Tyrocidine synthase 1,Metabolism
Tyrosine phenol-lyase,Metabolism
Ubiquinol-cytochrome c reductase iron-sulfur subunit,Metabolism
Ubiquinone biosynthesis O-methyltransferase,Metabolism
Ubiquinone/menaquinone biosynthesis C-methyltransferase UbiE,Metabolism
Uptake hydrogenase large subunit,Metabolism
Uptake hydrogenase small subunit,Metabolism
Uracil phosphoribosyltransferase,Metabolism
Ureidoglycolate lyase,Metabolism
Uridylate kinase,Metabolism
Urocanate hydratase,Metabolism
Uroporphyrinogen-III synthase,Metabolism
Vitamin B12 transporter BtuB,Metabolism
Vitamin B12-binding protein,Metabolism
Vitamin B12-dependent ribonucleoside-diphosphate reductase,Metabolism
Xaa-Pro aminopeptidase,Metabolism
Xaa-Pro dipeptidase,Metabolism
Zinc transport protein ZntB,Metabolism
"1,5-anhydro-D-fructose reductase",Unknown
2-methylcitrate dehydratase,Unknown
3-mercaptopropionate dioxygenase,Unknown
4-methylaminobutanoate oxidase (formaldehyde-forming),Unknown
ABC transporter ATP-binding protein uup,Unknown
Acyl-CoA thioesterase YbgC,Unknown
Adenosine monophosphate-protein transferase SoFic,Unknown
AI-2 transport protein TqsA,Unknown
Cation/acetate symporter ActP,Unknown
Cell division coordinator CpoB,Unknown
Cell division protein ZapA,Unknown
Chlorinase,Unknown
Colicin V production protein,Unknown
Cysteine desulfuration protein SufE,Unknown
Cytoskeleton protein RodZ,Unknown
DegV domain-containing protein,Unknown
Dihydrolipoyllysine-residue acetyltransferase component of acetoin cleaving system,Unknown
Dimethylamine corrinoid protein,Unknown
Electron transport complex subunit RnfG,Unknown
Endoribonuclease YbeY,Unknown
Energy-dependent translational throttle protein EttA,Unknown
Flavin-dependent tryptophan halogenase PrnA,Unknown
Glutathione-dependent formaldehyde-activating enzyme,Unknown
GTPase Der,Unknown
GTPase HflX,Unknown
GTPase Obg,Unknown
Hypoxic response protein 1,Unknown
Inner membrane protein YiaW,Unknown
Inner membrane protein YjdF,Unknown
Lipopolysaccharide export system ATP-binding protein LptB,Unknown
Lipopolysaccharide export system protein LptA,Unknown
Lipopolysaccharide export system protein LptC,Unknown
Lipoprotein NlpI,Unknown
Metallo-beta-lactamase fold-containing protein,Unknown
Metalloprotease PmbA,Unknown
Metalloprotease TldD,Unknown
Multidrug export protein EmrA,Unknown
"N-alpha-acetyl-L-2,4-diaminobutyric acid deacetylase",Unknown
N-substituted formamide deformylase,Unknown
NADP-dependent 7-alpha-hydroxysteroid dehydrogenase,Unknown
Nitrilase,Unknown
Non-reducing end beta-L-arabinofuranosidase,Unknown
"p-hydroxyphenylacetate 3-hydroxylase, reductase component",Unknown
Phosphoenolpyruvate synthase regulatory protein,Unknown
Phosphoglycolate phosphatase,Unknown
Phycocyanobilin lyase subunit alpha,Unknown
Protein Smg,Unknown
Putative aminoacrylate hydrolase RutD,Unknown
Putative diacyglycerol O-acyltransferase,Unknown
Putative glutamate--cysteine ligase 2,Unknown
"putative L,D-transpeptidase ErfK/SrfK",Unknown
"Putative L,D-transpeptidase YkuD",Unknown
"putative L,D-transpeptidase YnhG",Unknown
putative lipid II flippase MurJ,Unknown
Putative lipoprotein LppC,Unknown
Putative metal-sulfur cluster biosynthesis proteins YuaD,Unknown
putative oxidoreductase,Unknown
Putative short-chain type dehydrogenase/reductase,Unknown
putative signaling protein_64787,Unknown
Putative SOS response-associated peptidase YedK,Unknown
"Quercetin 2,3-dioxygenase",Unknown
Ribosomal RNA large subunit methyltransferase H,Unknown
Ribosomal RNA small subunit methyltransferase I,Unknown
Ribosomal-protein-alanine acetyltransferase,Unknown
RNase adapter protein RapZ,Unknown
Segregation and condensation protein A,Unknown
Serine/threonine-protein kinase pkn1,Unknown
Small ribosomal subunit biogenesis GTPase RsgA,Unknown
Stress response kinase A,Unknown
Sulfide-quinone reductase,Unknown
Transcriptional regulator MraZ,Unknown
tRNA (guanine-N(7)-)-methyltransferase,Unknown
tRNA modification GTPase MnmE,Unknown
tRNA-modifying protein YgfZ,Unknown
Tropinesterase,Unknown
Trp operon repressor,Unknown
Viral histone-like protein,Unknown